<?xml version="1.0" encoding="UTF-8"?><!--
        *** GENERATED FROM jax-ws.xml - DO NOT EDIT !                             ***
        *** TO MODIFY wsimport options USE Web Service node -> Edit WS Attributes ***
        *** TO CHANGE TARGETS GENERATED TO jaxws-build.xml COPY THOSE             ***
        *** TARGETS TO ../build.xml AND MODIFY THAT FILE INSTEAD                  ***

        --><project xmlns:xalan="http://xml.apache.org/xslt" xmlns:webproject2="http://www.netbeans.org/ns/web-project/2" xmlns:jaxws="http://www.netbeans.org/ns/jax-ws/1">
    <!--
                ===================
                JAX-WS WSGEN SECTION
                ===================
            -->
    <!--
                ===================
                JAX-WS WSIMPORT SECTION
                ===================
            -->
    <target name="wsimport-init" depends="init">
        <fail if="${wsimport.bad.version}" message="WsImport ant task defined in the classpath ${j2ee.platform.wsimport.classpath} has a serious bug. See http://wiki.netbeans.org/MetroIssue for details."/>
        <mkdir dir="${build.generated.sources.dir}/jax-ws"/>
        <property name="j2ee.platform.wsimport.classpath" value="${libs.jaxws21.classpath}"/>
        <taskdef name="wsimport" classname="com.sun.tools.ws.ant.WsImport">
            <classpath path="${java.home}/../lib/tools.jar:${j2ee.platform.wsimport.classpath}:${javac.classpath}"/>
        </taskdef>
        <condition property="conf-dir" value="${conf.dir}/" else="">
            <isset property="conf.dir"/>
        </condition>
    </target>
    <target name="wsimport-client-MySistemaManterContratoWebservice" depends="wsimport-init">
        <mkdir dir="${build.generated.dir}/jax-wsCache/MySistemaManterContratoWebservice"/>
        <wsimport sourcedestdir="${build.generated.dir}/jax-wsCache/MySistemaManterContratoWebservice" destdir="${build.generated.dir}/jax-wsCache/MySistemaManterContratoWebservice" wsdl="${basedir}/${conf-dir}xml-resources/web-service-references/MySistemaManterContratoWebservice/wsdl/localhost_8080/MySistemaManterContratoWebservice/MySistemaManterContratoWebservice.wsdl" catalog="catalog.xml" encoding="${source.encoding}" extension="true" verbose="true" fork="false" wsdlLocation="http://localhost:8080/MySistemaManterContratoWebservice/MySistemaManterContratoWebservice?wsdl" xnocompile="true" xendorsed="true">
            <depends file="${basedir}/${conf-dir}xml-resources/web-service-references/MySistemaManterContratoWebservice/wsdl/localhost_8080/MySistemaManterContratoWebservice/MySistemaManterContratoWebservice.wsdl"/>
            <produces dir="${build.generated.dir}/jax-wsCache/MySistemaManterContratoWebservice"/>
        </wsimport>
        <copy todir="${build.generated.sources.dir}/jax-ws">
            <fileset dir="${build.generated.dir}/jax-wsCache/MySistemaManterContratoWebservice">
                <include name="**/*.java"/>
            </fileset>
        </copy>
    </target>
    <target name="wsimport-client-clean-MySistemaManterContratoWebservice" depends="-init-project">
        <delete dir="${build.generated.sources.dir}/jax-ws/unioeste/gestao/contrato/webservice"/>
        <delete dir="${build.generated.dir}/jax-wsCache/MySistemaManterContratoWebservice"/>
    </target>
    <target name="wsimport-client-MySistemaManterClienteWebservice" depends="wsimport-init">
        <mkdir dir="${build.generated.dir}/jax-wsCache/MySistemaManterClienteWebservice"/>
        <wsimport sourcedestdir="${build.generated.dir}/jax-wsCache/MySistemaManterClienteWebservice" destdir="${build.generated.dir}/jax-wsCache/MySistemaManterClienteWebservice" wsdl="${basedir}/${conf-dir}xml-resources/web-service-references/MySistemaManterClienteWebservice/wsdl/localhost_8080/MySistemaManterClienteWebservice/MySistemaManterClienteWebservice.wsdl" catalog="catalog.xml" encoding="${source.encoding}" extension="true" verbose="true" fork="false" wsdlLocation="http://localhost:8080/MySistemaManterClienteWebservice/MySistemaManterClienteWebservice?wsdl" xnocompile="true" xendorsed="true">
            <depends file="${basedir}/${conf-dir}xml-resources/web-service-references/MySistemaManterClienteWebservice/wsdl/localhost_8080/MySistemaManterClienteWebservice/MySistemaManterClienteWebservice.wsdl"/>
            <produces dir="${build.generated.dir}/jax-wsCache/MySistemaManterClienteWebservice"/>
        </wsimport>
        <copy todir="${build.generated.sources.dir}/jax-ws">
            <fileset dir="${build.generated.dir}/jax-wsCache/MySistemaManterClienteWebservice">
                <include name="**/*.java"/>
            </fileset>
        </copy>
    </target>
    <target name="wsimport-client-clean-MySistemaManterClienteWebservice" depends="-init-project">
        <delete dir="${build.generated.sources.dir}/jax-ws/unioeste/gestao/cliente/webservice"/>
        <delete dir="${build.generated.dir}/jax-wsCache/MySistemaManterClienteWebservice"/>
    </target>
    <target name="wsimport-client-MySistemaManterEnderecoWebservice" depends="wsimport-init">
        <mkdir dir="${build.generated.dir}/jax-wsCache/MySistemaManterEnderecoWebservice"/>
        <wsimport sourcedestdir="${build.generated.dir}/jax-wsCache/MySistemaManterEnderecoWebservice" destdir="${build.generated.dir}/jax-wsCache/MySistemaManterEnderecoWebservice" wsdl="${basedir}/${conf-dir}xml-resources/web-service-references/MySistemaManterEnderecoWebservice/wsdl/localhost_8080/MySistemaManterEnderecoWebservice/MySistemaManterEnderecoWebservice.wsdl" catalog="catalog.xml" encoding="${source.encoding}" extension="true" verbose="true" fork="false" wsdlLocation="http://localhost:8080/MySistemaManterEnderecoWebservice/MySistemaManterEnderecoWebservice?wsdl" xnocompile="true" xendorsed="true">
            <depends file="${basedir}/${conf-dir}xml-resources/web-service-references/MySistemaManterEnderecoWebservice/wsdl/localhost_8080/MySistemaManterEnderecoWebservice/MySistemaManterEnderecoWebservice.wsdl"/>
            <produces dir="${build.generated.dir}/jax-wsCache/MySistemaManterEnderecoWebservice"/>
        </wsimport>
        <copy todir="${build.generated.sources.dir}/jax-ws">
            <fileset dir="${build.generated.dir}/jax-wsCache/MySistemaManterEnderecoWebservice">
                <include name="**/*.java"/>
            </fileset>
        </copy>
    </target>
    <target name="wsimport-client-clean-MySistemaManterEnderecoWebservice" depends="-init-project">
        <delete dir="${build.generated.sources.dir}/jax-ws/unioeste/geral/endereco/webservice"/>
        <delete dir="${build.generated.dir}/jax-wsCache/MySistemaManterEnderecoWebservice"/>
    </target>
    <target name="wsimport-client-generate" depends="wsimport-client-MySistemaManterContratoWebservice, wsimport-client-MySistemaManterClienteWebservice, wsimport-client-MySistemaManterEnderecoWebservice"/>
</project>
